Exporter,format_type,acai,avocado,banana,blueberry,camu_camu,cherimoya,golden_berry,grape,lucuma,mango,mix,papaya,passion_fruit,pineapple,pitaya,pomegranate,soursop,strawberry
AGC IMPORTACIONES S.A.C.,unknown,,,,,,,9000.0,,,,,,,,,,,
AGRICOLA CERRO PRIETO S.A.,unknown,,3111.96,,,,,,,,,,,,,,,,
AGRICOLA LOS MEDANOS S.A.,halves,,2650.0,,,,,,,,,,,,,,,,
AGRICOLA LOS MEDANOS S.A.,iqf,,2500.0,,,,,,,,,,,,,,,,
AGRICOLA Y GANADERA CHAVIN DE HUANTAR SA,broken_pieces,,,,,,,,,,1300.0,,,,,,,,
AGRICOLA Y GANADERA CHAVIN DE HUANTAR SA,chunks,,2476.52,,,,,,,,1851.29,,,,,,,,
AGRICOLA Y GANADERA CHAVIN DE HUANTAR SA,cubes,,2651.15,,,,,,,,1643.81,,,3546.74,,,3800.05,,
AGRICOLA Y GANADERA CHAVIN DE HUANTAR SA,halves,,2160.02,,,,,,,,,,,,,,,,
AGRICOLA Y GANADERA CHAVIN DE HUANTAR SA,iqf,,2644.46,,,,,,,,1700.0,,,,,,,,
AGRICOLA Y GANADERA CHAVIN DE HUANTAR SA,puree,,2201.29,,,,,,,,,,,,,,,,
AGRICOLA Y GANADERA CHAVIN DE HUANTAR SA,slices,,3070.0,,,,,,,,,,,,,,,,
AGRICOLA Y GANADERA CHAVIN DE HUANTAR SA,unknown,,2437.5,,,,,,,,1600.0,,,3558.39,,,,,
AGRO FROST S.A.C.,chunks,,2680.0,,,,,,,,1720.48,,,,,,,,
AGRO FROST S.A.C.,cubes,,2680.0,,,,,,,,,,,,,,,,
AGRO FROST S.A.C.,halves,,2550.0,,,,,,,,,,,,,,,,
AGRO FROST S.A.C.,puree,,1990.0,,,,,,,,,,,,,,,,
AGRO FROST S.A.C.,slices,,2830.0,,,,,,,,,,,,,,,,
AGRO FROST S.A.C.,unknown,,,,2100.0,,,,,,,,,,,,,,
AGROEMPAQUES S.A.,chunks,,2750.0,,,,,,,,,,,,,,,,
AGROEMPAQUES S.A.,juice,,2750.0,,,,,,,,,,,,,,,,
AGROEMPAQUES S.A.,pulp,,2750.0,,,,,,,,,,,,,,,,
AGROEMPAQUES S.A.,unknown,,2765.0,,2190.0,,,,,,,,,,,,,,
AGROFRUTOS TRADING S.A.,chunks,,,,,,,,,,1650.32,,,,,,,,
AGROINDUSTRIA FRUTOS DE ORO S.A.C.,broken_pieces,,,,,,,,,,1672.09,,,,,,,,
AGROINDUSTRIA FRUTOS DE ORO S.A.C.,chunks,,2581.04,,,,,,,,1581.27,,,,,,,,
AGROINDUSTRIA FRUTOS DE ORO S.A.C.,cubes,,2753.86,,,,,,,,,,,,,,,,
AGROINDUSTRIA FRUTOS DE ORO S.A.C.,halves,,2935.32,,,,,,,,,,,,,,,,
AGROINDUSTRIA FRUTOS DE ORO S.A.C.,iqf,,2680.0,,,,,,,,3279.74,,,,,,,,
AGROINDUSTRIA FRUTOS DE ORO S.A.C.,pulp,,2382.09,,,,,,,,,,,,,,,,
AGROINDUSTRIA FRUTOS DE ORO S.A.C.,slices,,2850.0,,,,,,,,,,,,,,,,
AGROINDUSTRIA FRUTOS DE ORO S.A.C.,unknown,,2680.0,,,,,,,,1733.96,,,,,,,,
AGROINDUSTRIAL ESTANISLAO DEL CHIMU S.A.C.,unknown,,3050.0,,,,,,,,,,,,,,,,
AGROINDUSTRIAS AIB S.A,chunks,,2900.0,,,,,,,,1800.0,,,,,,,,
AGROINDUSTRIAS AIB S.A,cubes,,3210.0,,,,,,,,,,,,,,,,
AGROINDUSTRIAS AIB S.A,halves,,3250.0,,,,,,,,,,,,,,,,
AGROINDUSTRIAS AIB S.A,iqf,,2400.0,,,,,,,,1765.0,,,,,,,,
AGROINDUSTRIAS AIB S.A,pulp,,2750.0,,,,,,,,,,,,,,,,
AGROINDUSTRIAS AIB S.A,slices,,3320.0,,,,,,,,,,,,,,,,
AGROINDUSTRIAS AIB S.A,unknown,,3037.85,,,,,,,,1750.0,,,,,,,,
AGROINDUSTRIAS CRIAL S.A.C.,pulp,,,7400.0,,,,,,,,,,1500.0,1500.0,,,,
AGROMANIA SAC,unknown,,,,,,,,,3900.0,,,,,,,,,
AGROMAR INDUSTRIAL S.A.,chunks,,,,,,,,,,1624.1,,,,,,,,
AGROMAR INDUSTRIAL S.A.,halves,,3504.94,,,,,,,,,,,,,,,,
AGROMAR INDUSTRIAL S.A.,unknown,,,,,,,,,,2000.0,,,,,,,,
AGROVISION PERU S.A.C.,unknown,,,,1199.87,,,,,,,,,,,,,,
ALIMENTOS HIMALAYA PERU E.I.R.L.,pulp,,,,,,,,,,250.0,,,250.0,,,,,
AMARA FOODS S.A.C.,pulp,,2630.07,,,,,,,,818.22,,,2500.0,,,,,
AMARA FOODS S.A.C.,unknown,,2745.34,,,,,,,,,,,,,,,,
ANDEAN PARTNER FOOD S.A.C.,strips,,,,,,,,,,200.0,,,,,,,,
ANDEAN PARTNER FOOD S.A.C.,unknown,,,,,,,,,,,,,,200.0,,,,
ANDES TRADERS S.A.C.,chunks,,,,,,,,,,1142.0,,,,1142.0,,,,
ANDES TRADERS S.A.C.,pulp,,,,,,,,,,1142.0,,,,1142.0,,,,
ARA FOODS INDUSTRY S.A.C.,chunks,,2900.0,,,,,,,,1706.41,,,,,,,,
ARA FOODS INDUSTRY S.A.C.,cubes,,2950.0,,,,,,,,,,,,,,,,
ARA FOODS INDUSTRY S.A.C.,slices,,2965.0,,,,,,,,,,,,,,,,
ARA FOODS INDUSTRY S.A.C.,unknown,,3000.0,,,,,,,,2262.5,,,,,,,,
BLOSSOM TRAINER PERU S.A.C.,unknown,,,,,,,,,,,,,2470.0,,,,,
CAMPOSOL S.A.,unknown,,3150.0,,2312.09,,,,,,1695.41,,,,,1957.14,,,
COMPLEJO AGROINDUSTRIAL BETA S.A.,chunks,,,,2150.0,,,,,,,,,,,,,,
COMPLEJO AGROINDUSTRIAL BETA S.A.,unknown,,,,2060.0,,,,,,,,,,,,,,
CORPORACION ESPIN E.I.R.L.,unknown,,,,,,,,,3300.0,,,,,,,,,
DANPER TRUJILLO S.A.C.,unknown,,2289.26,,2375.13,,,,,,1903.84,,,,,,,,
DEL ANDE ALIMENTOS S.A.C.,chunks,,2917.94,,,,,,,,1266.66,,,,,,,,
DEL ANDE ALIMENTOS S.A.C.,cubes,,2952.94,,,,,,,,1650.0,,,,,,,,
DEL ANDE ALIMENTOS S.A.C.,puree,,2348.67,,,,,,,,,,,,,,,,
DEL ANDE ALIMENTOS S.A.C.,slices,,3154.94,,,,,,,,,,,,,,,,
DEL ANDE ALIMENTOS S.A.C.,unknown,,1000.0,,2085.8,,,,,2.0,,,,,,,,,
DOMINUS S.A.C,chunks,,,,,,,,,,1719.21,,,,,,,,
DOMINUS S.A.C,unknown,,2825.0,1338.32,2328.38,,,,1523.14,,1738.33,,,,,,,,
EMPRESA AGRARIA CAFETALERA CHANCHAMAYO H,pulp,,,,,,,,,,,,,4671.7,,,,,
EXPORTACIONES MIRSA EMPRESA INDIVIDUAL D,chunks,,,,,,,,,,2300.02,,,,2185.35,,,,
EXPORTACIONES MIRSA EMPRESA INDIVIDUAL D,cubes,,3349.6,,,,,,,,2001.2,,2244.98,,2247.8,,,,
EXPORTACIONES MIRSA EMPRESA INDIVIDUAL D,halves,,3413.85,,,,,,,,,,,,,,,,
EXPORTACIONES MIRSA EMPRESA INDIVIDUAL D,iqf,,,,,,,,,,2251.46,,,,,,,,
EXPORTACIONES MIRSA EMPRESA INDIVIDUAL D,pulp,,500.0,,,,,,,3746.5,1700.0,,,3600.0,,,,5984.75,
EXPORTACIONES MIRSA EMPRESA INDIVIDUAL D,slices,,3518.82,1890.86,,,,,,,,,,,,,,,
EXPORTACIONES MIRSA EMPRESA INDIVIDUAL D,unknown,,2706.88,,2041.94,,,,,,2341.94,,,,,,,,
EXPORTACIONES MIRSA EMPRESA INDIVIDUAL D,whole,,,,2168.75,,,,,,,,,,,,,,
FALEB CORP E.I.R.L.,unknown,,,,,,,,,3700.0,,,,2875.0,,,,,
FLYMEXPORT PERU E.I.R.L.,pulp,,,,,,,,,,,,,3527.5,,,,,
FRUTAMA S.A.C.,pulp,,,,,8000.0,,,,,,,,,,,,,
FRUTICAL S.A.C.,iqf,,2670.0,,2163.9,,,,,,,,,,,,,,
FRUTICAL S.A.C.,puree,,3370.0,,,,,,,,,,,,,,,,
FRUTICAL S.A.C.,slices,,3305.45,,,,,,,,,,,,,,,,
FRUTICAL S.A.C.,unknown,,3017.56,,2147.26,,,,,,,,,,,,,,
FRUTOS TONGORRAPE SOCIEDAD ANONIMA,chunks,,,,,,,,,,1700.0,,,,,,,,
FRUTOS TONGORRAPE SOCIEDAD ANONIMA,cubes,,3055.0,,,,,,,,2000.0,,,,,,,,
FRUTOS TONGORRAPE SOCIEDAD ANONIMA,halves,,2800.0,,,,,,,,25.0,,,,,,,,
FRUTOS TONGORRAPE SOCIEDAD ANONIMA,iqf,,2518.94,,,,,90.0,,,1140.0,,,,,,,,
FRUTOS TONGORRAPE SOCIEDAD ANONIMA,slices,,120.0,60.0,,,,,,,,,,,,,,,
FRUTOS TONGORRAPE SOCIEDAD ANONIMA,unknown,,200.0,,,,,,,,157.5,,,,,,,,
FRUTOS TROPICALES PERU EXPORT SOCIEDAD A,chunks,,835.0,,,,,,,,1602.5,,,,,,,,
FRUTOS TROPICALES PERU EXPORT SOCIEDAD A,halves,,835.0,,,,,,,,,,,,,,,,
FRUTOS TROPICALES PERU EXPORT SOCIEDAD A,unknown,,3142.05,,2321.83,,,,,,1745.0,,,,,,,,
FRUTÍCOLA OLMUÉ PERÚ S.A.C.,broken_pieces,,,,,,,,,,3571.43,,,,,,,,
FRUTÍCOLA OLMUÉ PERÚ S.A.C.,chunks,,,,,,,,,,1845.0,,,,,,,,
FRUTÍCOLA OLMUÉ PERÚ S.A.C.,cubes,,,,,,,,,,1820.0,,,,,,,,
FRUTÍCOLA OLMUÉ PERÚ S.A.C.,iqf,,,,2550.0,,,,,,2900.05,2680.0,,,,,,,
FRUTÍCOLA OLMUÉ PERÚ S.A.C.,unknown,,,,2349.97,,,,,,,,,,,,,,
FUSION FOODS S.A.C.,chunks,,,,,,,,,,2150.0,,,,,,,,
FUSION FOODS S.A.C.,halves,,4921.9,,,,,,,,,,,,,,,,
FUSION FOODS S.A.C.,iqf,,,,2323.96,,,,,,,,,,,,,,
FUSION FOODS S.A.C.,pulp,,,,,,5847.28,,,4269.11,4271.17,,,5638.65,,,,5638.67,
GAMN EXPORT & IMPORT SERV GNRAL S.A.C.,unknown,,,,2345.33,,,,,,,,,,,,,,
GANDULES INC SAC,iqf,,,,,,,,,,1000.0,,,,,,,,
GANDULES INC SAC,unknown,,,,,,,,,,1790.0,,,,,,,,
GRUPO TAVARI S.A.C.,broken_pieces,,2333.74,,,,,,,,,,,,,,,,
GRUPO TAVARI S.A.C.,chunks,,2815.04,,,,,,,,1746.27,,,,,,,,
GRUPO TAVARI S.A.C.,halves,,3148.14,,,,,,,,,,,,,,,,
GRUPO TAVARI S.A.C.,iqf,,2617.19,,,,,,,,,,,,,,,,
GRUPO TAVARI S.A.C.,pulp,,2018.54,,,,,,,,,,,,,,,,
GRUPO TAVARI S.A.C.,slices,,3252.19,,,,,,,,,,,,,,,,
GRUPO TAVARI S.A.C.,unknown,,2946.37,,,,,,,,2092.92,,,,,,,,
HONEST FOODS S.A.C.,chunks,,2885.91,,,,,,,,,,,,,,,,
HONEST FOODS S.A.C.,pulp,,3253.92,,,,,,,,,,,,,,,,
HONEST FOODS S.A.C.,puree,,2829.62,,,,,,,,,,,,,,,,
HONEST FOODS S.A.C.,unknown,,2885.91,,,,,,,,,,,,,,,,
INCA INDUSTRIAS AGRICOLAS S.A.C.,unknown,,,2800.0,,,,,,,,,,,,,,,
INCA INVEST PERU S.A.C.,unknown,,,,,,,,,3900.0,,,,,,,,,
INDUSTRIAS SISA S.A.C.,pulp,,,,,,,,,3200.0,,,,2323.07,,,,,
LAMAS IMPORT EXPORT S.A.C.,chunks,,,,,,,,,,,,1282.26,,,,,,
LAMAS IMPORT EXPORT S.A.C.,halves,,,,,,,,,1875.0,,,,,,,,,
LAMAS IMPORT EXPORT S.A.C.,pulp,,,,,,,,,1293.34,1462.38,,,1657.36,1599.62,,,1600.0,
LAMAS IMPORT EXPORT S.A.C.,unknown,,,1666.54,,,,,,,,,,2133.2,,,,1128.57,
LAMAS IMPORT EXPORT S.A.C.,whole,,,,,,,,,,,,,1314.14,,,,1447.01,
MAPA LOGISTICA INTERNACIONAL SAC,unknown,,,,,,,,,2000.0,,,,2777.78,,,,,
"MCMC PERU S.A,C,",unknown,,,,,48095.0,,,,,,,,,,,,,
MEBOL GF S.A.C.,chunks,,2852.03,,2587.75,,,,,,2149.84,,,,,,,,
MEBOL GF S.A.C.,unknown,,3256.88,,2585.42,,,425.0,425.0,,2034.26,,,,425.0,,,,
MEBOL SAC,chunks,,,,2456.33,,,,,,1830.0,,,3599.71,,,,,
MEBOL SAC,unknown,,,,2305.0,,,,,,1830.0,,,,,,,,
MERRILL CORPORACION S.A.C.,unknown,,,,,50321.43,,,,,,,,,,,,,
MIKUY TRADERS S.A.C.,chunks,,,,,,,,,,,,1999.8,,,,,,
MIKUY TRADERS S.A.C.,pulp,,,,,,,,,2652.9,,,1804.63,2008.03,,,,2660.2,
MIRANDA - LANGA AGRO EXPORT S.A.C - MIRANDA - LANGA S.A.C,pulp,,,,,,,,,4174.0,,,,3500.0,,,,,
MONARCA EXPORTS S.A.C.,unknown,,,,,,,,,,,,,,,,,,19598.84
MONDO IMPRENDITORE S.A.C.,pulp,,,,,,,,,,111.11,,,,,,,,
MONDO IMPRENDITORE S.A.C.,unknown,,1000.0,666.67,625.0,,,666.67,666.67,,661.97,666.67,666.67,625.0,666.67,,,,666.67
MULTISERVICIOS ROMERO'S & MORENO'S S.A.C.,unknown,,,,,,,,,3420.0,,,,3095.0,,,,,
NEGOCIOS E INVERSIONES MACOVIJ E.I.R.L. - NIMACOVIJ E.I.R.L.,unknown,,,,,,,,,4000.0,,,,,,,,,
NITHO'S COMPANY S.A.C.,unknown,,,,,,,,,2000.0,,,,,,,,,
NOVAL COMPANY S.A.C.,unknown,,,,,,,,,3700.0,,,,,,,,3350.0,
OLLADEBARROFOODSOCIEDADCOMERCIALDERESPON,unknown,,,,,,,,,2800.0,,,,2610.0,,,,,
P & M FRUITS S.A.C.,chunks,,,,,,,,,,1682.17,,,,,,,,
P & M FRUITS S.A.C.,unknown,,,,2250.0,,,,,,100.0,,,,,,,,
PACIFIC IQF SAC,chunks,,,,,,,,,,,,,,1232.01,,,,
PERUVIAN FOOD GROUPS SOCIEDAD ANONIMA CERRADA.,chunks,,,,,,,,,,1662.33,,,,,,,,
PERUVIAN FOOD GROUPS SOCIEDAD ANONIMA CERRADA.,whole,,,,,,,3350.0,,,,,,,,,,,
PROCESADORA LARAN SAC,chunks,,4738.17,,,,,,,,1632.71,,,,,,,,
PROCESADORA LARAN SAC,unknown,,,,,,,,,,,,,,950.0,,,,
PROCESADORA PERU SOCIEDAD ANONIMA CERRADA,chunks,,2867.96,,,,,,,,1741.0,,,,,,,,
PROCESADORA PERU SOCIEDAD ANONIMA CERRADA,cubes,,3190.0,,,,,,,,,,,,,,,,
PROCESADORA PERU SOCIEDAD ANONIMA CERRADA,halves,,3300.0,,,,,,,,,,,,,,,,
PROCESADORA PERU SOCIEDAD ANONIMA CERRADA,iqf,,2860.96,,,,,,,,,,,,,,,,
PROCESADORA PERU SOCIEDAD ANONIMA CERRADA,slices,,3000.0,,,,,,,,,,,,,,,,
PROCESADORA PERU SOCIEDAD ANONIMA CERRADA,unknown,,2867.96,,,,,,,,1719.42,,,,3325.0,,,,
PRODUCTORA ANDINA DE CONGELADOS S.R.L.,chunks,,,,,,,,,,1380.0,,,,,,,,
PRODUCTORA ANDINA DE CONGELADOS S.R.L.,unknown,,,,,,,,,,1250.0,,,,,,,,
PROFRUIT INDUSTRY S.A.C.,chunks,,,,,,,,,,1624.06,,,,,,,,
PROYECTOS & EXPORTACIONES CASMA S.A.C.,unknown,,,,5550.0,,,,,,,4950.0,,,,,,,
PULPAS Y PROCESADOS DEL AGRO SOCIEDAD ANONIMA-PULPAGRO,chunks,,3531.97,,,,,,,,1850.71,,,,,,,,
PULPAS Y PROCESADOS DEL AGRO SOCIEDAD ANONIMA-PULPAGRO,halves,,50.0,,,,,,,,1025.0,,,,,,,,
PULPAS Y PROCESADOS DEL AGRO SOCIEDAD ANONIMA-PULPAGRO,iqf,,2955.03,,,,,,,,1190.25,,,,,,,,
PULPAS Y PROCESADOS DEL AGRO SOCIEDAD ANONIMA-PULPAGRO,puree,,104.29,,,,,,,,,,,,,,,,
PULPAS Y PROCESADOS DEL AGRO SOCIEDAD ANONIMA-PULPAGRO,slices,,50.0,50.0,,,,,,,,,,,,,,,
QORI FOODS S.A.C.,unknown,,,,,,,,,1600.0,,,,,,,,,
QUICORNAC S.A.C.,concentrate,,,,,,,,,,1079.02,,,,,,,,
QUICORNAC S.A.C.,puree,,,,,,,,,,830.73,,,,,,,,
QUICORNAC S.A.C.,unknown,,,,,,,,,,1279.8,,,,,,,,
SANTA SOFIA DEL SUR S.A.C.,chunks,,,,,,,,,,1561.83,,,,,,,,
SANTA SOFIA DEL SUR S.A.C.,unknown,,,,,,,,,,1578.92,,,,,,,,
SELVA INDUSTRIAL S.A.,chunks,,,,,,,,,,,,,,3150.0,,,,
SELVA Y FLORESTA SOCIEDAD ANONIMA CERRADA - SELFLO S.A.C.,unknown,,,,,,,,,2490.0,,,,,,,,,
SERVICIOS PROCESADORA PERU S.A.C.,unknown,,,,1530.83,,,,,,,,,,,,,,
SILVA & ZAPATA IMPORTACION S.A.C.,unknown,,,,,,,,,3970.0,,,,,,,,,
SOCIEDAD MERCANTIL (EXPORTACION) SA,unknown,,,,1712.67,,,,,,,,,,,,,,
SOCIEDAD MERCANTIL (EXPORTACION) SA,whole,,,,1825.5,,,,,,,,,,,,,,
SOLIMAR INDUSTRIA E.I.R.L.,chunks,,,,,,,,,,1547.16,,,,,,,,
SUNSHINE EXPORT S.A.C,pulp,,3200.0,,,,,,,,,,,,,,,,
SUNSHINE EXPORT S.A.C,unknown,,3000.0,,2295.26,,,,,,1720.0,3030.0,,,,,,,
TANA FRUITS EXPORT E.I.R.L.,unknown,,,,,,,,,,1927.27,,,,,,,,
THE GREEN FARMER S.A.C.,pulp,,,,,,,,,3820.0,,,,3700.0,,,,,
UNION DE NEGOCIOS CORPORATIVOS SOCIEDAD ANONIMA CERRADA,whole,,,,2394.86,,,,,,,,,,,,,,
VIRU S.A.,broken_pieces,,2280.71,,,,,,,,,,,,,,,,
VIRU S.A.,chunks,,2829.72,,2555.29,,,,,,1984.64,,,,227.0,,,,
VIRU S.A.,cubes,,3185.35,,,,,,,,2113.31,,,,,,,,
VIRU S.A.,halves,,2897.7,,,,,,,,2028.33,,,,,,,,
VIRU S.A.,pulp,1170.0,,,,,,,,,,,,,1170.0,,,,1170.0
VIRU S.A.,slices,,925.0,441.0,,,,,,,,,,,,,,,
VIRU S.A.,unknown,325.84,2946.85,391.67,1170.0,,,,227.0,,1941.88,,,,255.0,,,,2180.43
VIRU S.A.,whole,,,1170.0,2850.0,,,,,,,,,,,,,,
VIRÚ GROUP PERÚ S.A.,broken_pieces,,2375.2,,,,,,,,,,,,,,,,
VIRÚ GROUP PERÚ S.A.,chunks,150.0,2377.2,,1986.75,,,,,,300.0,,,,789.16,,,,
VIRÚ GROUP PERÚ S.A.,cubes,,3286.33,,,,,,,,2607.4,,,,,,,,
VIRÚ GROUP PERÚ S.A.,halves,,909.62,,,,,,,,655.0,,,,,,,,5333.1
VIRÚ GROUP PERÚ S.A.,pulp,602.0,,,,,,,,,,,,,312.5,,,,
VIRÚ GROUP PERÚ S.A.,slices,,2685.21,260.0,,,,,,,,,,,,,,,5333.1
VIRÚ GROUP PERÚ S.A.,unknown,330.0,3240.66,166.67,1637.21,,,,84.34,,2029.27,150.0,,,295.0,,,,330.0
VIRÚ GROUP PERÚ S.A.,whole,,,,1776.25,,,,,,,,,,,,,,5333.1
WESTFALIA FRUIT PERÚ S.A.C.,cubes,,2860.0,,,,,,,,,,,,,,,,
WESTFALIA FRUIT PERÚ S.A.C.,iqf,,2860.0,,,,,,,,1499.93,,,,,,,,
WESTFALIA FRUIT PERÚ S.A.C.,pulp,,3194.72,,,,,,,,,,,,,,,,
WESTFALIA FRUIT PERÚ S.A.C.,unknown,,3040.0,,,,,,,,1522.14,,,,,,,,
ZOWI PERU SOCIEDAD ANONIMA CERRADA,pulp,,,,,,,,,3073.1,,,,2803.12,,,,,
