fruit_name,Exporter,Shipments,Avg Price USD/MT,Median Price USD/MT,Min Price USD/MT,Max Price USD/MT,Total Volume MT,Formats Offered
acai,VIRÚ GROUP PERÚ S.A.,19,588.06,330.0,2.0,4280.0,6.88,"chunks, pulp, unknown"
acai,VIRU S.A.,10,1272.17,897.5,260.0,3400.0,0.04,"pulp, unknown"
avocado,SUNSHINE EXPORT S.A.C,431,3019.64,3000.0,500.0,4410.0,6579.81,"pulp, unknown"
avocado,AGROINDUSTRIAS AIB S.A,285,2915.84,2924.85,1000.0,4000.0,5029.81,"chunks, cubes, halves, iqf, pulp, slices, unknown"
avocado,VIRÚ GROUP PERÚ S.A.,343,3265.76,3238.43,2.0,19422.05,4543.36,"broken_pieces, chunks, cubes, halves, slices, unknown"
avocado,VIRU S.A.,295,2726.33,2960.0,100.0,5000.0,3978.97,"broken_pieces, chunks, cubes, halves, slices, unknown"
avocado,AGRICOLA Y GANADERA CHAVIN DE HUANTAR SA,143,2914.88,2725.47,833.33,20000.0,2886.55,"chunks, cubes, halves, iqf, puree, slices, unknown"
avocado,AGROEMPAQUES S.A.,141,2889.92,2750.0,125.0,13431.11,2810.22,"chunks, juice, pulp, unknown"
avocado,AGROINDUSTRIA FRUTOS DE ORO S.A.C.,184,2688.41,2680.0,100.0,3671.36,2435.02,"chunks, cubes, halves, iqf, pulp, slices, unknown"
avocado,AMARA FOODS S.A.C.,205,2607.53,2634.15,5.0,4000.0,2287.37,"pulp, unknown"
avocado,WESTFALIA FRUIT PERÚ S.A.C.,78,2949.67,2890.0,1800.0,3262.69,1533.31,"cubes, iqf, pulp, unknown"
avocado,DOMINUS S.A.C,78,2605.4,2825.0,70.0,4019.87,1403.65,unknown
avocado,GRUPO TAVARI S.A.C.,79,2880.0,2850.0,1000.0,3990.0,1154.29,"broken_pieces, chunks, halves, iqf, pulp, slices, unknown"
avocado,DANPER TRUJILLO S.A.C.,74,1989.94,2289.26,0.2,4300.06,818.41,unknown
avocado,ARA FOODS INDUSTRY S.A.C.,41,2932.61,3000.0,142.86,3800.0,692.91,"chunks, cubes, slices, unknown"
avocado,HONEST FOODS S.A.C.,24,2958.62,2882.5,2477.67,3818.01,478.77,"chunks, pulp, puree, unknown"
avocado,CAMPOSOL S.A.,28,3257.9,3150.0,0.5,13785.38,446.98,unknown
avocado,DEL ANDE ALIMENTOS S.A.C.,15,2567.61,2651.62,1000.0,3339.88,283.41,"chunks, cubes, puree, slices, unknown"
avocado,AGRO FROST S.A.C.,24,2579.24,2570.0,1990.0,2830.0,243.65,"chunks, cubes, halves, puree, slices"
avocado,PROCESADORA PERU SOCIEDAD ANONIMA CERRADA,10,2976.74,2940.36,2815.99,3300.0,171.53,"chunks, cubes, halves, iqf, slices, unknown"
avocado,AGRICOLA LOS MEDANOS S.A.,8,2612.5,2650.0,2100.0,2900.0,160.59,"halves, iqf"
avocado,FRUTOS TONGORRAPE SOCIEDAD ANONIMA,15,1607.26,2518.94,40.0,3140.0,136.01,"cubes, halves, iqf, slices, unknown"
avocado,FRUTICAL S.A.C.,5,3076.11,3305.45,2670.0,3370.0,100.9,"iqf, puree, slices, unknown"
avocado,AGROINDUSTRIAL ESTANISLAO DEL CHIMU S.A.C.,4,3051.14,3050.0,3050.0,3054.55,81.02,unknown
avocado,EXPORTACIONES MIRSA EMPRESA INDIVIDUAL D,15,2641.61,2900.0,435.5,3610.94,75.46,"cubes, halves, pulp, slices, unknown"
avocado,MEBOL GF S.A.C.,3,3121.93,3250.0,2852.03,3263.76,63.0,"chunks, unknown"
avocado,PULPAS Y PROCESADOS DEL AGRO SOCIEDAD ANONIMA-PULPAGRO,10,1769.85,1915.72,9.14,3540.42,53.36,"chunks, halves, iqf, puree, slices"
avocado,FRUTOS TROPICALES PERU EXPORT SOCIEDAD A,4,1988.52,1967.5,835.0,3184.1,21.3,"chunks, halves, unknown"
avocado,AGRICOLA CERRO PRIETO S.A.,2,3111.96,3111.96,3050.0,3173.91,19.87,unknown
avocado,FUSION FOODS S.A.C.,1,4921.9,4921.9,4921.9,4921.9,19.15,halves
avocado,AGROMAR INDUSTRIAL S.A.,1,3504.94,3504.94,3504.94,3504.94,18.0,halves
avocado,PROCESADORA LARAN SAC,1,4738.17,4738.17,4738.17,4738.17,12.14,chunks
avocado,MONDO IMPRENDITORE S.A.C.,6,885.08,1000.0,643.84,1000.0,0.12,unknown
banana,DOMINUS S.A.C,1,1338.32,1338.32,1338.32,1338.32,21.0,unknown
banana,LAMAS IMPORT EXPORT S.A.C.,4,1679.93,1666.54,1601.62,1785.0,10.74,unknown
banana,EXPORTACIONES MIRSA EMPRESA INDIVIDUAL D,2,1890.86,1890.86,1653.83,2127.88,6.0,slices
banana,INCA INDUSTRIAS AGRICOLAS S.A.C.,5,2800.0,2800.0,2800.0,2800.0,2.81,unknown
banana,PULPAS Y PROCESADOS DEL AGRO SOCIEDAD ANONIMA-PULPAGRO,1,50.0,50.0,50.0,50.0,0.06,slices
banana,VIRÚ GROUP PERÚ S.A.,6,370.65,213.33,36.0,1050.0,0.03,"slices, unknown"
banana,VIRU S.A.,6,558.11,506.84,225.0,1170.0,0.02,"slices, unknown, whole"
banana,MONDO IMPRENDITORE S.A.C.,1,666.67,666.67,666.67,666.67,0.01,unknown
banana,AGROINDUSTRIAS CRIAL S.A.C.,1,7400.0,7400.0,7400.0,7400.0,0.0,pulp
banana,FRUTOS TONGORRAPE SOCIEDAD ANONIMA,2,60.0,60.0,30.0,90.0,0.0,slices
blueberry,CAMPOSOL S.A.,333,2282.46,2312.09,1620.33,3262.6,7526.21,unknown
blueberry,FRUTICAL S.A.C.,65,2195.22,2147.26,1965.54,2700.0,1560.17,"iqf, unknown"
blueberry,AGROVISION PERU S.A.C.,55,1376.94,1199.87,29.27,2659.81,1229.6,unknown
blueberry,COMPLEJO AGROINDUSTRIAL BETA S.A.,51,1989.14,2070.0,694.64,2231.92,1033.67,"chunks, unknown"
blueberry,FRUTOS TROPICALES PERU EXPORT SOCIEDAD A,38,2293.25,2321.83,830.0,2720.0,841.32,unknown
blueberry,SUNSHINE EXPORT S.A.C,32,2246.13,2295.26,1619.8,3030.0,691.52,unknown
blueberry,VIRÚ GROUP PERÚ S.A.,35,1564.55,1934.76,2.0,2574.71,553.23,"chunks, unknown, whole"
blueberry,DANPER TRUJILLO S.A.C.,24,2262.11,2375.13,333.33,2598.08,536.96,unknown
blueberry,DOMINUS S.A.C,22,2262.09,2328.38,833.33,2675.0,496.97,unknown
blueberry,SOCIEDAD MERCANTIL (EXPORTACION) SA,21,1682.94,1725.27,1497.67,1857.09,496.0,"unknown, whole"
blueberry,MEBOL GF S.A.C.,20,2389.78,2586.46,425.0,2832.5,447.51,"chunks, unknown"
blueberry,MEBOL SAC,16,2404.56,2405.24,2006.25,2607.34,383.99,"chunks, unknown"
blueberry,FRUTÍCOLA OLMUÉ PERÚ S.A.C.,8,2474.98,2449.98,2349.97,2650.0,190.4,"iqf, unknown"
blueberry,AGROEMPAQUES S.A.,7,2238.57,2190.0,1900.0,2400.0,168.0,unknown
blueberry,VIRU S.A.,16,1802.38,2099.48,200.0,2908.52,167.16,"chunks, unknown, whole"
blueberry,UNION DE NEGOCIOS CORPORATIVOS SOCIEDAD ANONIMA CERRADA,4,2397.42,2394.86,2300.0,2499.97,94.03,whole
blueberry,AGRO FROST S.A.C.,3,2075.0,2100.0,2025.0,2100.0,72.0,unknown
blueberry,DEL ANDE ALIMENTOS S.A.C.,4,1566.6,2085.8,9.0,2085.82,72.0,unknown
blueberry,EXPORTACIONES MIRSA EMPRESA INDIVIDUAL D,6,2201.98,2163.74,1881.39,2890.52,69.71,"unknown, whole"
blueberry,P & M FRUITS S.A.C.,2,2250.0,2250.0,2250.0,2250.0,48.0,unknown
blueberry,FUSION FOODS S.A.C.,1,2323.96,2323.96,2323.96,2323.96,24.0,iqf
blueberry,GAMN EXPORT & IMPORT SERV GNRAL S.A.C.,1,2345.33,2345.33,2345.33,2345.33,24.0,unknown
blueberry,SERVICIOS PROCESADORA PERU S.A.C.,1,1530.83,1530.83,1530.83,1530.83,23.99,unknown
blueberry,PROYECTOS & EXPORTACIONES CASMA S.A.C.,1,5550.0,5550.0,5550.0,5550.0,3.0,unknown
blueberry,MONDO IMPRENDITORE S.A.C.,1,625.0,625.0,625.0,625.0,0.01,unknown
camu_camu,MERRILL CORPORACION S.A.C.,5,54174.97,50321.43,49875.0,60623.0,0.24,unknown
camu_camu,FRUTAMA S.A.C.,1,8000.0,8000.0,8000.0,8000.0,0.1,pulp
camu_camu,"MCMC PERU S.A,C,",2,48095.0,48095.0,46190.0,50000.0,0.03,unknown
cherimoya,FUSION FOODS S.A.C.,2,5847.28,5847.28,5638.67,6055.89,0.65,pulp
golden_berry,FRUTOS TONGORRAPE SOCIEDAD ANONIMA,3,1023.33,90.0,30.0,2950.0,8.01,iqf
golden_berry,PERUVIAN FOOD GROUPS SOCIEDAD ANONIMA CERRADA.,1,3350.0,3350.0,3350.0,3350.0,8.0,whole
golden_berry,AGC IMPORTACIONES S.A.C.,2,9000.0,9000.0,6000.0,12000.0,0.0,unknown
golden_berry,MEBOL GF S.A.C.,1,425.0,425.0,425.0,425.0,0.0,unknown
golden_berry,MONDO IMPRENDITORE S.A.C.,1,666.67,666.67,666.67,666.67,0.0,unknown
grape,DOMINUS S.A.C,11,1479.07,1523.14,320.0,3431.71,147.01,unknown
grape,VIRU S.A.,2,227.0,227.0,227.0,227.0,0.02,unknown
grape,MONDO IMPRENDITORE S.A.C.,1,666.67,666.67,666.67,666.67,0.01,unknown
grape,VIRÚ GROUP PERÚ S.A.,2,84.34,84.34,2.0,166.67,0.01,unknown
grape,MEBOL GF S.A.C.,1,425.0,425.0,425.0,425.0,0.0,unknown
lucuma,FUSION FOODS S.A.C.,22,4170.92,4269.11,853.41,6318.28,37.47,pulp
lucuma,THE GREEN FARMER S.A.C.,6,3853.33,3820.0,3640.0,4200.0,14.03,pulp
lucuma,MIRANDA - LANGA AGRO EXPORT S.A.C - MIRANDA - LANGA S.A.C,2,4174.0,4174.0,4128.0,4220.0,6.12,pulp
lucuma,EXPORTACIONES MIRSA EMPRESA INDIVIDUAL D,3,4195.93,3746.5,3428.5,5412.8,4.21,pulp
lucuma,NITHO'S COMPANY S.A.C.,31,1935.48,2000.0,1000.0,2000.0,4.21,unknown
lucuma,ZOWI PERU SOCIEDAD ANONIMA CERRADA,2,3073.1,3073.1,2467.87,3678.33,3.14,pulp
lucuma,LAMAS IMPORT EXPORT S.A.C.,6,1455.99,1492.97,800.0,2000.0,1.68,"halves, pulp"
lucuma,MAPA LOGISTICA INTERNACIONAL SAC,41,2091.99,2000.0,1500.0,3000.0,1.38,unknown
lucuma,MIKUY TRADERS S.A.C.,1,2652.9,2652.9,2652.9,2652.9,0.83,pulp
lucuma,MULTISERVICIOS ROMERO'S & MORENO'S S.A.C.,20,3414.5,3420.0,2850.0,3820.0,0.48,unknown
lucuma,NEGOCIOS E INVERSIONES MACOVIJ E.I.R.L. - NIMACOVIJ E.I.R.L.,2,4000.0,4000.0,4000.0,4000.0,0.41,unknown
lucuma,INDUSTRIAS SISA S.A.C.,1,3200.0,3200.0,3200.0,3200.0,0.21,pulp
lucuma,NOVAL COMPANY S.A.C.,2,3700.0,3700.0,3700.0,3700.0,0.15,unknown
lucuma,CORPORACION ESPIN E.I.R.L.,3,3300.0,3300.0,3300.0,3300.0,0.1,unknown
lucuma,QORI FOODS S.A.C.,1,1600.0,1600.0,1600.0,1600.0,0.04,unknown
lucuma,SILVA & ZAPATA IMPORTACION S.A.C.,3,4203.33,3970.0,3670.0,4970.0,0.04,unknown
lucuma,OLLADEBARROFOODSOCIEDADCOMERCIALDERESPON,3,2800.0,2800.0,2800.0,2800.0,0.03,unknown
lucuma,AGROMANIA SAC,1,3900.0,3900.0,3900.0,3900.0,0.02,unknown
lucuma,INCA INVEST PERU S.A.C.,1,3900.0,3900.0,3900.0,3900.0,0.02,unknown
lucuma,SELVA Y FLORESTA SOCIEDAD ANONIMA CERRADA - SELFLO S.A.C.,1,2490.0,2490.0,2490.0,2490.0,0.02,unknown
lucuma,FALEB CORP E.I.R.L.,1,3700.0,3700.0,3700.0,3700.0,0.01,unknown
lucuma,DEL ANDE ALIMENTOS S.A.C.,1,2.0,2.0,2.0,2.0,0.0,unknown
mango,VIRU S.A.,225,1802.86,1984.64,170.0,3255.27,3534.54,"chunks, cubes, halves, unknown"
mango,QUICORNAC S.A.C.,98,1039.77,1036.48,666.09,1586.0,3527.3,"concentrate, puree, unknown"
mango,AGROINDUSTRIA FRUTOS DE ORO S.A.C.,154,1806.5,1739.88,52.0,3571.51,3311.75,"broken_pieces, chunks, iqf, unknown"
mango,AGRICOLA Y GANADERA CHAVIN DE HUANTAR SA,116,2048.29,1837.46,714.29,3533.99,2306.81,"broken_pieces, chunks, cubes, iqf, unknown"
mango,FRUTÍCOLA OLMUÉ PERÚ S.A.C.,97,2043.07,1845.0,1300.02,3571.43,2215.61,"broken_pieces, chunks, cubes, iqf"
mango,FRUTOS TROPICALES PERU EXPORT SOCIEDAD A,90,1951.84,1742.08,830.0,3482.81,1988.32,"chunks, unknown"
mango,SUNSHINE EXPORT S.A.C,95,1964.07,1720.0,133.33,4190.0,1914.85,unknown
mango,AGROINDUSTRIAS AIB S.A,82,1788.91,1765.0,243.01,3550.0,1736.34,"chunks, iqf, unknown"
mango,CAMPOSOL S.A.,67,1870.09,1695.41,1173.86,2942.05,1443.86,unknown
mango,VIRÚ GROUP PERÚ S.A.,116,1521.25,1894.74,2.0,4580.75,1294.34,"chunks, cubes, halves, unknown"
mango,AGROMAR INDUSTRIAL S.A.,36,1516.52,1648.21,1050.0,2000.0,976.5,"chunks, unknown"
mango,DOMINUS S.A.C,48,1702.95,1734.16,40.0,3359.54,966.5,"chunks, unknown"
mango,SANTA SOFIA DEL SUR S.A.C.,39,1555.57,1563.0,1138.92,1691.0,924.0,"chunks, unknown"
mango,PULPAS Y PROCESADOS DEL AGRO SOCIEDAD ANONIMA-PULPAGRO,58,1443.43,1850.71,250.0,3200.0,774.56,"chunks, halves, iqf"
mango,WESTFALIA FRUIT PERÚ S.A.C.,31,1495.14,1504.92,1105.82,1588.16,732.45,"iqf, unknown"
mango,FRUTOS TONGORRAPE SOCIEDAD ANONIMA,40,1268.05,1700.0,25.0,2260.0,553.06,"chunks, cubes, halves, iqf, unknown"
mango,ARA FOODS INDUSTRY S.A.C.,23,1849.77,1706.41,1133.33,3299.82,548.0,"chunks, unknown"
mango,AMARA FOODS S.A.C.,20,833.99,818.22,804.67,970.0,538.8,pulp
mango,PROCESADORA LARAN SAC,19,1829.11,1632.71,1557.34,2759.71,469.67,chunks
mango,MEBOL SAC,17,1832.8,1830.0,1617.12,2050.0,382.0,"chunks, unknown"
mango,DANPER TRUJILLO S.A.C.,18,1844.84,1903.84,1093.05,2172.26,380.18,unknown
mango,PRODUCTORA ANDINA DE CONGELADOS S.R.L.,11,1370.0,1380.0,1250.0,1390.0,262.0,"chunks, unknown"
mango,MEBOL GF S.A.C.,16,2062.36,2034.26,425.0,3850.0,252.81,"chunks, unknown"
mango,AGROFRUTOS TRADING S.A.,7,1602.67,1650.32,1250.0,1871.5,154.0,chunks
mango,PROCESADORA PERU SOCIEDAD ANONIMA CERRADA,6,1650.62,1730.21,1034.66,1854.25,144.02,"chunks, unknown"
mango,PROFRUIT INDUSTRY S.A.C.,6,1645.14,1624.06,1586.04,1800.0,144.0,chunks
mango,EXPORTACIONES MIRSA EMPRESA INDIVIDUAL D,15,2106.47,2152.41,1453.6,3005.65,130.96,"chunks, cubes, iqf, pulp, unknown"
mango,FUSION FOODS S.A.C.,18,2858.83,2454.02,853.44,5756.14,129.38,"chunks, pulp"
mango,DEL ANDE ALIMENTOS S.A.C.,5,1526.66,1650.0,1.0,2532.31,91.04,"chunks, cubes"
mango,AGRO FROST S.A.C.,4,1720.47,1720.48,1645.46,1795.46,88.0,chunks
mango,GANDULES INC SAC,6,1401.07,1413.22,1000.0,1790.0,72.02,"iqf, unknown"
mango,PERUVIAN FOOD GROUPS SOCIEDAD ANONIMA CERRADA.,3,1628.36,1662.33,1556.25,1666.5,72.0,chunks
mango,GRUPO TAVARI S.A.C.,2,1919.6,1919.6,1746.27,2092.92,34.0,"chunks, unknown"
mango,P & M FRUITS S.A.C.,2,891.08,891.08,100.0,1682.17,24.01,"chunks, unknown"
mango,TANA FRUITS EXPORT E.I.R.L.,5,1890.91,1927.27,1800.0,1927.27,14.0,unknown
mango,SOLIMAR INDUSTRIA E.I.R.L.,2,1547.16,1547.16,1000.0,2094.31,5.25,chunks
mango,LAMAS IMPORT EXPORT S.A.C.,2,1462.38,1462.38,1257.14,1667.61,3.9,pulp
mango,MONDO IMPRENDITORE S.A.C.,4,604.46,653.36,111.11,1000.0,0.2,"pulp, unknown"
mango,ANDES TRADERS S.A.C.,2,1142.0,1142.0,1142.0,1142.0,0.01,"chunks, pulp"
mango,ALIMENTOS HIMALAYA PERU E.I.R.L.,1,250.0,250.0,250.0,250.0,0.0,pulp
mango,ANDEAN PARTNER FOOD S.A.C.,1,200.0,200.0,200.0,200.0,0.0,strips
mix,FRUTÍCOLA OLMUÉ PERÚ S.A.C.,5,2674.0,2680.0,2650.0,2680.0,120.0,iqf
mix,PROYECTOS & EXPORTACIONES CASMA S.A.C.,1,4950.0,4950.0,4950.0,4950.0,3.0,unknown
mix,MONDO IMPRENDITORE S.A.C.,2,666.67,666.67,666.67,666.67,0.01,unknown
mix,SUNSHINE EXPORT S.A.C,1,3030.0,3030.0,3030.0,3030.0,0.0,unknown
mix,VIRÚ GROUP PERÚ S.A.,1,150.0,150.0,150.0,150.0,0.0,unknown
papaya,EXPORTACIONES MIRSA EMPRESA INDIVIDUAL D,2,2244.98,2244.98,2242.17,2247.79,1.15,cubes
papaya,MIKUY TRADERS S.A.C.,2,1902.22,1902.22,1804.63,1999.8,0.55,"chunks, pulp"
papaya,LAMAS IMPORT EXPORT S.A.C.,2,1282.26,1282.26,1280.0,1284.51,0.14,chunks
papaya,MONDO IMPRENDITORE S.A.C.,1,666.67,666.67,666.67,666.67,0.0,unknown
passion_fruit,AMARA FOODS S.A.C.,13,2388.17,2500.0,333.33,3000.0,73.52,pulp
passion_fruit,FUSION FOODS S.A.C.,13,4382.42,5638.65,2210.67,6454.35,55.53,pulp
passion_fruit,AGRICOLA Y GANADERA CHAVIN DE HUANTAR SA,7,3433.47,3554.9,2700.0,3587.76,55.21,"cubes, unknown"
passion_fruit,FLYMEXPORT PERU E.I.R.L.,2,3527.5,3527.5,3495.0,3560.0,39.4,pulp
passion_fruit,LAMAS IMPORT EXPORT S.A.C.,22,1845.88,1729.77,1310.0,2428.57,24.07,"pulp, unknown, whole"
passion_fruit,ZOWI PERU SOCIEDAD ANONIMA CERRADA,4,2973.41,2803.12,2467.41,3820.01,12.81,pulp
passion_fruit,MIKUY TRADERS S.A.C.,3,1681.87,2008.03,459.14,2578.43,5.4,pulp
passion_fruit,INDUSTRIAS SISA S.A.C.,4,2122.4,2323.07,843.43,3000.0,5.26,pulp
passion_fruit,MEBOL SAC,1,3599.71,3599.71,3599.71,3599.71,4.41,chunks
passion_fruit,MIRANDA - LANGA AGRO EXPORT S.A.C - MIRANDA - LANGA S.A.C,2,3500.0,3500.0,3333.33,3666.67,3.06,pulp
passion_fruit,THE GREEN FARMER S.A.C.,2,3700.0,3700.0,3400.0,4000.0,2.29,pulp
passion_fruit,EXPORTACIONES MIRSA EMPRESA INDIVIDUAL D,1,3600.0,3600.0,3600.0,3600.0,1.2,pulp
passion_fruit,BLOSSOM TRAINER PERU S.A.C.,4,2450.0,2470.0,2290.0,2570.0,0.72,unknown
passion_fruit,OLLADEBARROFOODSOCIEDADCOMERCIALDERESPON,10,2540.0,2610.0,1700.0,2980.0,0.54,unknown
passion_fruit,EMPRESA AGRARIA CAFETALERA CHANCHAMAYO H,1,4671.7,4671.7,4671.7,4671.7,0.26,pulp
passion_fruit,MULTISERVICIOS ROMERO'S & MORENO'S S.A.C.,2,3095.0,3095.0,2930.0,3260.0,0.09,unknown
passion_fruit,MAPA LOGISTICA INTERNACIONAL SAC,1,2777.78,2777.78,2777.78,2777.78,0.03,unknown
passion_fruit,FALEB CORP E.I.R.L.,2,2875.0,2875.0,2850.0,2900.0,0.02,unknown
passion_fruit,MONDO IMPRENDITORE S.A.C.,1,625.0,625.0,625.0,625.0,0.01,unknown
passion_fruit,AGROINDUSTRIAS CRIAL S.A.C.,1,1500.0,1500.0,1500.0,1500.0,0.0,pulp
passion_fruit,ALIMENTOS HIMALAYA PERU E.I.R.L.,1,250.0,250.0,250.0,250.0,0.0,pulp
pineapple,PROCESADORA PERU SOCIEDAD ANONIMA CERRADA,4,3362.5,3325.0,3300.0,3500.01,96.0,unknown
pineapple,SELVA INDUSTRIAL S.A.,4,3175.0,3150.0,3100.0,3300.0,91.2,chunks
pineapple,PACIFIC IQF SAC,1,1232.01,1232.01,1232.01,1232.01,25.24,chunks
pineapple,PROCESADORA LARAN SAC,1,950.0,950.0,950.0,950.0,24.0,unknown
pineapple,EXPORTACIONES MIRSA EMPRESA INDIVIDUAL D,3,2206.16,2247.8,2058.58,2312.11,6.26,"chunks, cubes"
pineapple,VIRÚ GROUP PERÚ S.A.,17,735.35,400.0,5.0,4280.0,3.64,"chunks, pulp, unknown"
pineapple,LAMAS IMPORT EXPORT S.A.C.,2,1599.62,1599.62,1599.24,1600.0,1.06,pulp
pineapple,VIRU S.A.,10,733.95,380.0,200.0,3400.0,0.04,"chunks, pulp, unknown"
pineapple,ANDES TRADERS S.A.C.,2,1142.0,1142.0,1142.0,1142.0,0.01,"chunks, pulp"
pineapple,MONDO IMPRENDITORE S.A.C.,1,666.67,666.67,666.67,666.67,0.01,unknown
pineapple,AGROINDUSTRIAS CRIAL S.A.C.,1,1500.0,1500.0,1500.0,1500.0,0.0,pulp
pineapple,ANDEAN PARTNER FOOD S.A.C.,1,200.0,200.0,200.0,200.0,0.0,unknown
pineapple,MEBOL GF S.A.C.,1,425.0,425.0,425.0,425.0,0.0,unknown
pitaya,CAMPOSOL S.A.,1,1957.14,1957.14,1957.14,1957.14,0.01,unknown
pomegranate,AGRICOLA Y GANADERA CHAVIN DE HUANTAR SA,1,3800.05,3800.05,3800.05,3800.05,20.0,cubes
soursop,LAMAS IMPORT EXPORT S.A.C.,10,1481.96,1600.0,557.14,1700.0,7.6,"pulp, unknown, whole"
soursop,MIKUY TRADERS S.A.C.,1,2660.2,2660.2,2660.2,2660.2,0.46,pulp
soursop,FUSION FOODS S.A.C.,1,5638.67,5638.67,5638.67,5638.67,0.27,pulp
soursop,EXPORTACIONES MIRSA EMPRESA INDIVIDUAL D,1,5984.75,5984.75,5984.75,5984.75,0.2,pulp
soursop,NOVAL COMPANY S.A.C.,1,3350.0,3350.0,3350.0,3350.0,0.03,unknown
strawberry,VIRU S.A.,5,1899.67,1360.0,567.5,3400.0,13.61,"pulp, unknown"
strawberry,VIRÚ GROUP PERÚ S.A.,15,2420.41,1050.0,25.81,9616.21,0.3,"halves, slices, unknown, whole"
strawberry,MONARCA EXPORTS S.A.C.,2,19598.84,19598.84,19536.15,19661.54,0.03,unknown
strawberry,MONDO IMPRENDITORE S.A.C.,1,666.67,666.67,666.67,666.67,0.0,unknown
