Exporter;Fruit;Format;Average of Average Price (USD/MT);Sum of Volume (MT)
AGRICOLA Y GANADERA CHAVIN DE HUANTAR SA;;;2 430 USD/MT;4 754 MT
;avocado;;;
;;cubes;2 738 USD/MT;1 338 MT
;;slices;3 056 USD/MT;900 MT
;;chunks;2 494 USD/MT;193 MT
;;halves;1 977 USD/MT;83 MT
;;puree;2 201 USD/MT;24 MT
;;iqf;2 644 USD/MT;13 MT
;mango;;;
;;chunks;2 087 USD/MT;2 063 MT
;;cubes;1 608 USD/MT;59 MT
;;broken_pieces;1 300 USD/MT;23 MT
;;iqf;1 700 USD/MT;14 MT
;passion_fruit;;;
;;cubes;3 554 USD/MT;25 MT
;pomegranate;;;
;;cubes;3 800 USD/MT;20 MT
VIRU S.A.;;;1 876 USD/MT;4 708 MT
;mango;;;
;;chunks;1 848 USD/MT;2 063 MT
;;cubes;2 086 USD/MT;351 MT
;;halves;2 146 USD/MT;168 MT
;avocado;;;
;;cubes;3 193 USD/MT;1 409 MT
;;chunks;2 399 USD/MT;277 MT
;;halves;2 556 USD/MT;241 MT
;;broken_pieces;1 768 USD/MT;72 MT
;;slices;1 762 USD/MT;33 MT
;blueberry;;;
;;chunks;2 555 USD/MT;71 MT
;;whole;2 850 USD/MT;24 MT
;pineapple;;;
;;chunks;309 USD/MT;0 MT
;;pulp;1 713 USD/MT;0 MT
;acai;;;
;;pulp;1 509 USD/MT;0 MT
;banana;;;
;;slices;447 USD/MT;0 MT
;;whole;1 170 USD/MT;0 MT
;strawberry;;;
;;pulp;1 713 USD/MT;0 MT
QUICORNAC S.A.C.;;;1 050 USD/MT;3 497 MT
;mango;;;
;;puree;1 006 USD/MT;2 081 MT
;;concentrate;1 093 USD/MT;1 416 MT
AGROINDUSTRIAS AIB S.A;;;2 661 USD/MT;3 311 MT
;avocado;;;
;;pulp;2 765 USD/MT;1 660 MT
;;chunks;2 873 USD/MT;784 MT
;;halves;3 244 USD/MT;255 MT
;;cubes;3 173 USD/MT;86 MT
;;slices;3 299 USD/MT;30 MT
;;iqf;2 400 USD/MT;2 MT
;mango;;;
;;chunks;1 766 USD/MT;446 MT
;;iqf;1 765 USD/MT;48 MT
AMARA FOODS S.A.C.;;;1 943 USD/MT;2 878 MT
;avocado;;;
;;pulp;2 606 USD/MT;2 265 MT
;mango;;;
;;pulp;834 USD/MT;539 MT
;passion_fruit;;;
;;pulp;2 388 USD/MT;74 MT
FRUTÍCOLA OLMUÉ PERÚ S.A.C.;;;2 590 USD/MT;2 479 MT
;mango;;;
;;chunks;1 953 USD/MT;2 004 MT
;;iqf;3 008 USD/MT;163 MT
;;cubes;1 820 USD/MT;48 MT
;;broken_pieces;3 571 USD/MT;0 MT
;blueberry;;;
;;iqf;2 517 USD/MT;143 MT
;mix;;;
;;iqf;2 674 USD/MT;120 MT
AGROEMPAQUES S.A.;;;3 819 USD/MT;2 421 MT
;avocado;;;
;;chunks;2 834 USD/MT;1 651 MT
;;pulp;4 804 USD/MT;770 MT
VIRÚ GROUP PERÚ S.A.;;;2 374 USD/MT;1 366 MT
;avocado;;;
;;cubes;3 375 USD/MT;824 MT
;;slices;2 100 USD/MT;164 MT
;;halves;2 037 USD/MT;77 MT
;;chunks;1 521 USD/MT;39 MT
;;broken_pieces;2 375 USD/MT;20 MT
;blueberry;;;
;;chunks;2 008 USD/MT;135 MT
;;whole;1 776 USD/MT;24 MT
;mango;;;
;;chunks;1 435 USD/MT;55 MT
;;cubes;2 607 USD/MT;16 MT
;;halves;2 530 USD/MT;1 MT
;acai;;;
;;pulp;1 128 USD/MT;7 MT
;;chunks;150 USD/MT;0 MT
;pineapple;;;
;;pulp;619 USD/MT;3 MT
;;chunks;1 127 USD/MT;0 MT
;strawberry;;;
;;whole;5 333 USD/MT;0 MT
;;halves;5 333 USD/MT;0 MT
;;slices;5 333 USD/MT;0 MT
;banana;;;
;;slices;1 946 USD/MT;0 MT
AGROINDUSTRIA FRUTOS DE ORO S.A.C.;;;2 265 USD/MT;1 127 MT
;avocado;;;
;;iqf;2 580 USD/MT;766 MT
;;slices;2 522 USD/MT;59 MT
;;halves;2 431 USD/MT;22 MT
;;cubes;2 728 USD/MT;21 MT
;;chunks;2 581 USD/MT;14 MT
;;pulp;2 382 USD/MT;8 MT
;mango;;;
;;iqf;3 179 USD/MT;119 MT
;;chunks;1 573 USD/MT;116 MT
;;broken_pieces;1 672 USD/MT;2 MT
;blueberry;;;
;;iqf;1 000 USD/MT;0 MT
AGROMAR INDUSTRIAL S.A.;;;2 497 USD/MT;981 MT
;mango;;;
;;chunks;1 488 USD/MT;963 MT
;avocado;;;
;;halves;3 505 USD/MT;18 MT
PULPAS Y PROCESADOS DEL AGRO SOCIEDAD ANONIMA-PULPAGRO;;;861 USD/MT;828 MT
;mango;;;
;;chunks;1 463 USD/MT;746 MT
;;iqf;1 190 USD/MT;24 MT
;;halves;1 025 USD/MT;5 MT
;;cubes;50 USD/MT;0 MT
;avocado;;;
;;chunks;2 214 USD/MT;45 MT
;;iqf;2 955 USD/MT;8 MT
;;puree;371 USD/MT;0 MT
;;cubes;50 USD/MT;0 MT
;;slices;50 USD/MT;0 MT
;;halves;50 USD/MT;0 MT
;banana;;;
;;slices;50 USD/MT;0 MT
WESTFALIA FRUIT PERÚ S.A.C.;;;2 612 USD/MT;763 MT
;avocado;;;
;;iqf;2 909 USD/MT;266 MT
;;cubes;2 935 USD/MT;214 MT
;;pulp;3 103 USD/MT;187 MT
;mango;;;
;;iqf;1 502 USD/MT;96 MT
FRUTOS TONGORRAPE SOCIEDAD ANONIMA;;;1 129 USD/MT;697 MT
;mango;;;
;;chunks;1 390 USD/MT;507 MT
;;iqf;1 140 USD/MT;24 MT
;;cubes;2 000 USD/MT;22 MT
;;halves;25 USD/MT;0 MT
;avocado;;;
;;halves;2 049 USD/MT;96 MT
;;cubes;2 050 USD/MT;22 MT
;;iqf;2 519 USD/MT;18 MT
;;chunks;40 USD/MT;0 MT
;;slices;120 USD/MT;0 MT
;golden_berry;;;
;;iqf;1 023 USD/MT;8 MT
;banana;;;
;;slices;60 USD/MT;0 MT
GRUPO TAVARI S.A.C.;;;2 569 USD/MT;610 MT
;avocado;;;
;;chunks;2 773 USD/MT;385 MT
;;iqf;2 714 USD/MT;77 MT
;;halves;3 216 USD/MT;45 MT
;;broken_pieces;2 066 USD/MT;39 MT
;;slices;3 447 USD/MT;22 MT
;;pulp;2 019 USD/MT;20 MT
;mango;;;
;;chunks;1 746 USD/MT;22 MT
ARA FOODS INDUSTRY S.A.C.;;;2 620 USD/MT;591 MT
;mango;;;
;;chunks;1 689 USD/MT;406 MT
;avocado;;;
;;chunks;2 875 USD/MT;134 MT
;;cubes;2 950 USD/MT;36 MT
;;slices;2 965 USD/MT;16 MT
PROCESADORA LARAN SAC;;;3 284 USD/MT;482 MT
;mango;;;
;;chunks;1 829 USD/MT;470 MT
;avocado;;;
;;chunks;4 738 USD/MT;12 MT
MEBOL SAC;;;2 635 USD/MT;458 MT
;blueberry;;;
;;chunks;2 461 USD/MT;288 MT
;mango;;;
;;chunks;1 844 USD/MT;166 MT
;passion_fruit;;;
;;chunks;3 600 USD/MT;4 MT
HONEST FOODS S.A.C.;;;2 879 USD/MT;392 MT
;avocado;;;
;;chunks;2 562 USD/MT;243 MT
;;puree;2 821 USD/MT;102 MT
;;pulp;3 254 USD/MT;48 MT
MEBOL GF S.A.C.;;;2 476 USD/MT;381 MT
;blueberry;;;
;;chunks;2 475 USD/MT;304 MT
;mango;;;
;;chunks;2 101 USD/MT;57 MT
;avocado;;;
;;chunks;2 852 USD/MT;21 MT
DEL ANDE ALIMENTOS S.A.C.;;;2 242 USD/MT;374 MT
;avocado;;;
;;puree;2 433 USD/MT;192 MT
;;slices;3 155 USD/MT;43 MT
;;cubes;2 953 USD/MT;28 MT
;;chunks;1 946 USD/MT;20 MT
;mango;;;
;;cubes;1 700 USD/MT;72 MT
;;chunks;1 267 USD/MT;19 MT
AGRO FROST S.A.C.;;;2 387 USD/MT;332 MT
;avocado;;;
;;halves;2 508 USD/MT;120 MT
;;slices;2 756 USD/MT;36 MT
;;cubes;2 707 USD/MT;35 MT
;;chunks;2 640 USD/MT;28 MT
;;puree;1 990 USD/MT;24 MT
;mango;;;
;;chunks;1 720 USD/MT;88 MT
FUSION FOODS S.A.C.;;;4 161 USD/MT;267 MT
;mango;;;
;;chunks;2 401 USD/MT;106 MT
;;pulp;3 598 USD/MT;24 MT
;passion_fruit;;;
;;pulp;4 382 USD/MT;56 MT
;lucuma;;;
;;pulp;4 171 USD/MT;37 MT
;blueberry;;;
;;iqf;2 324 USD/MT;24 MT
;avocado;;;
;;halves;4 922 USD/MT;19 MT
;cherimoya;;;
;;pulp;5 847 USD/MT;1 MT
;soursop;;;
;;pulp;5 639 USD/MT;0 MT
PRODUCTORA ANDINA DE CONGELADOS S.R.L.;;;1 382 USD/MT;240 MT
;mango;;;
;;chunks;1 382 USD/MT;240 MT
PROCESADORA PERU SOCIEDAD ANONIMA CERRADA;;;2 651 USD/MT;227 MT
;mango;;;
;;chunks;1 637 USD/MT;120 MT
;avocado;;;
;;iqf;1 913 USD/MT;46 MT
;;slices;3 000 USD/MT;25 MT
;;chunks;2 868 USD/MT;24 MT
;;cubes;3 190 USD/MT;7 MT
;;halves;3 300 USD/MT;5 MT
EXPORTACIONES MIRSA EMPRESA INDIVIDUAL D;;;2 725 USD/MT;201 MT
;mango;;;
;;chunks;2 280 USD/MT;62 MT
;;iqf;1 994 USD/MT;28 MT
;;cubes;1 974 USD/MT;25 MT
;;pulp;1 700 USD/MT;1 MT
;blueberry;;;
;;whole;2 282 USD/MT;46 MT
;avocado;;;
;;halves;3 455 USD/MT;11 MT
;;slices;3 519 USD/MT;5 MT
;;cubes;3 398 USD/MT;3 MT
;;pulp;645 USD/MT;0 MT
;pineapple;;;
;;chunks;2 185 USD/MT;5 MT
;;cubes;2 248 USD/MT;1 MT
;banana;;;
;;slices;1 891 USD/MT;6 MT
;lucuma;;;
;;pulp;4 196 USD/MT;4 MT
;passion_fruit;;;
;;pulp;3 600 USD/MT;1 MT
;papaya;;;
;;cubes;2 245 USD/MT;1 MT
;soursop;;;
;;pulp;5 985 USD/MT;0 MT
FRUTOS TROPICALES PERU EXPORT SOCIEDAD A;;;1 221 USD/MT;167 MT
;mango;;;
;;chunks;1 992 USD/MT;167 MT
;avocado;;;
;;chunks;835 USD/MT;0 MT
;;halves;835 USD/MT;0 MT
AGRICOLA LOS MEDANOS S.A.;;;2 575 USD/MT;161 MT
;avocado;;;
;;halves;2 650 USD/MT;121 MT
;;iqf;2 500 USD/MT;39 MT
FRUTICAL S.A.C.;;;2 893 USD/MT;159 MT
;blueberry;;;
;;iqf;2 227 USD/MT;96 MT
;avocado;;;
;;puree;3 370 USD/MT;24 MT
;;iqf;2 670 USD/MT;22 MT
;;slices;3 305 USD/MT;17 MT
AGROFRUTOS TRADING S.A.;;;1 603 USD/MT;154 MT
;mango;;;
;;chunks;1 603 USD/MT;154 MT
PROFRUIT INDUSTRY S.A.C.;;;1 645 USD/MT;144 MT
;mango;;;
;;chunks;1 645 USD/MT;144 MT
SANTA SOFIA DEL SUR S.A.C.;;;1 556 USD/MT;120 MT
;mango;;;
;;chunks;1 556 USD/MT;120 MT
DOMINUS S.A.C;;;1 761 USD/MT;116 MT
;mango;;;
;;chunks;1 761 USD/MT;116 MT
UNION DE NEGOCIOS CORPORATIVOS SOCIEDAD ANONIMA CERRADA;;;2 397 USD/MT;94 MT
;blueberry;;;
;;whole;2 397 USD/MT;94 MT
SELVA INDUSTRIAL S.A.;;;7 629 USD/MT;91 MT
;pineapple;;;
;;chunks;7 629 USD/MT;91 MT
SOCIEDAD MERCANTIL (EXPORTACION) SA;;;1 826 USD/MT;88 MT
;blueberry;;;
;;whole;1 826 USD/MT;88 MT
PERUVIAN FOOD GROUPS SOCIEDAD ANONIMA CERRADA.;;;2 489 USD/MT;80 MT
;mango;;;
;;chunks;1 628 USD/MT;72 MT
;golden_berry;;;
;;whole;3 350 USD/MT;8 MT
FLYMEXPORT PERU E.I.R.L.;;;3 528 USD/MT;39 MT
;passion_fruit;;;
;;pulp;3 528 USD/MT;39 MT
PACIFIC IQF SAC;;;1 232 USD/MT;25 MT
;pineapple;;;
;;chunks;1 232 USD/MT;25 MT
P & M FRUITS S.A.C.;;;1 682 USD/MT;24 MT
;mango;;;
;;chunks;1 682 USD/MT;24 MT
COMPLEJO AGROINDUSTRIAL BETA S.A.;;;2 150 USD/MT;22 MT
;blueberry;;;
;;chunks;2 150 USD/MT;22 MT
SUNSHINE EXPORT S.A.C;;;3 200 USD/MT;20 MT
;avocado;;;
;;pulp;3 200 USD/MT;20 MT
LAMAS IMPORT EXPORT S.A.C.;;;1 499 USD/MT;17 MT
;soursop;;;
;;pulp;1 611 USD/MT;7 MT
;;whole;1 447 USD/MT;0 MT
;mango;;;
;;pulp;1 462 USD/MT;4 MT
;passion_fruit;;;
;;pulp;1 657 USD/MT;2 MT
;;whole;1 313 USD/MT;1 MT
;lucuma;;;
;;pulp;1 246 USD/MT;1 MT
;;halves;1 875 USD/MT;0 MT
;pineapple;;;
;;pulp;1 600 USD/MT;1 MT
;papaya;;;
;;chunks;1 282 USD/MT;0 MT
THE GREEN FARMER S.A.C.;;;3 777 USD/MT;16 MT
;lucuma;;;
;;pulp;3 853 USD/MT;14 MT
;passion_fruit;;;
;;pulp;3 700 USD/MT;2 MT
ZOWI PERU SOCIEDAD ANONIMA CERRADA;;;3 023 USD/MT;16 MT
;passion_fruit;;;
;;pulp;2 973 USD/MT;13 MT
;lucuma;;;
;;pulp;3 073 USD/MT;3 MT
MIRANDA - LANGA AGRO EXPORT S.A.C - MIRANDA - LANGA S.A.C;;;3 837 USD/MT;9 MT
;lucuma;;;
;;pulp;4 174 USD/MT;6 MT
;passion_fruit;;;
;;pulp;3 500 USD/MT;3 MT
MIKUY TRADERS S.A.C.;;;2 160 USD/MT;7 MT
;passion_fruit;;;
;;pulp;1 682 USD/MT;5 MT
;lucuma;;;
;;pulp;2 653 USD/MT;1 MT
;papaya;;;
;;pulp;1 805 USD/MT;0 MT
;;chunks;2 000 USD/MT;0 MT
;soursop;;;
;;pulp;2 660 USD/MT;0 MT
INDUSTRIAS SISA S.A.C.;;;2 661 USD/MT;5 MT
;passion_fruit;;;
;;pulp;2 122 USD/MT;5 MT
;lucuma;;;
;;pulp;3 200 USD/MT;0 MT
SOLIMAR INDUSTRIA E.I.R.L.;;;1 547 USD/MT;5 MT
;mango;;;
;;chunks;1 547 USD/MT;5 MT
EMPRESA AGRARIA CAFETALERA CHANCHAMAYO H;;;4 672 USD/MT;0 MT
;passion_fruit;;;
;;pulp;4 672 USD/MT;0 MT
FRUTAMA S.A.C.;;;8 000 USD/MT;0 MT
;camu_camu;;;
;;pulp;8 000 USD/MT;0 MT
MONDO IMPRENDITORE S.A.C.;;;111 USD/MT;0 MT
;mango;;;
;;pulp;111 USD/MT;0 MT
GANDULES INC SAC;;;1 024 USD/MT;0 MT
;mango;;;
;;iqf;1 024 USD/MT;0 MT
ANDEAN PARTNER FOOD S.A.C.;;;200 USD/MT;0 MT
;mango;;;
;;cubes;200 USD/MT;0 MT
;;strips;200 USD/MT;0 MT
ANDES TRADERS S.A.C.;;;1 142 USD/MT;0 MT
;mango;;;
;;chunks;1 142 USD/MT;0 MT
;;pulp;1 142 USD/MT;0 MT
;pineapple;;;
;;chunks;1 142 USD/MT;0 MT
;;pulp;1 142 USD/MT;0 MT
AGROINDUSTRIAS CRIAL S.A.C.;;;3 467 USD/MT;0 MT
;pineapple;;;
;;pulp;1 500 USD/MT;0 MT
;banana;;;
;;pulp;7 400 USD/MT;0 MT
;passion_fruit;;;
;;pulp;1 500 USD/MT;0 MT
ALIMENTOS HIMALAYA PERU E.I.R.L.;;;250 USD/MT;0 MT
;mango;;;
;;pulp;250 USD/MT;0 MT
;passion_fruit;;;
;;pulp;250 USD/MT;0 MT
Grand Total;;;2 307 USD/MT;35 947 MT